[
    {
        "id": "41026",
        "date": "2022-03-09 00:30:00",
        "time": "00:30:00",
        "timezone": "GMT",
        "game": "Counter-Strike",
        "status": "abandoned",
        "opponent1": "Furious",
        "opponent2": "River Plate",
        "tournament": "LVP Unity League Argentina",
        "format": "1",
        "bet1": "3.2",
        "bet2": "1.29",
        "result1": "",
        "result2": "",
        "streamer": "lvparg2",
        "streamlink": "https://www.twitch.tv/lvparg2"
    },
    {
        "id": "40911",
        "date": "2022-03-09 01:00:00",
        "time": "01:00:00",
        "timezone": "GMT",
        "game": "Counter-Strike",
        "status": "ended",
        "opponent1": "ATK",
        "opponent2": "paiN",
        "tournament": "ESL Challenger League North America",
        "format": "3",
        "bet1": "3.16",
        "bet2": "1.33",
        "result1": "won",
        "result2": "lost",
        "streamer": "esl_csgob",
        "streamlink": "https://www.twitch.tv/esl_csgob"
    },
    {
        "id": "40912",
        "date": "2022-03-09 01:00:00",
        "time": "01:00:00",
        "timezone": "GMT",
        "game": "Counter-Strike",
        "status": "ended",
        "opponent1": "Eros",
        "opponent2": "MIBR",
        "tournament": "ESL Challenger League North America",
        "format": "3",
        "bet1": "18.49",
        "bet2": "0.99",
        "result1": "lost",
        "result2": "won",
        "streamer": "esl_csgo",
        "streamlink": "https://www.twitch.tv/esl_csgo"
    },
    {
        "id": "41205",
        "date": "2022-03-09 01:00:00",
        "time": "01:00:00",
        "timezone": "GMT",
        "game": "Counter-Strike",
        "status": "abandoned",
        "opponent1": "Third Impact",
        "opponent2": "Orgless",
        "tournament": "ESL Challenger League North America",
        "format": "3",
        "bet1": "5.24",
        "bet2": "1.12",
        "result1": "",
        "result2": "",
        "streamer": "",
        "streamlink": ""
    },
    {
        "id": "40962",
        "date": "2022-03-09 04:00:00",
        "time": "04:00:00",
        "timezone": "GMT",
        "game": "Dota 2",
        "status": "cancelled",
        "opponent1": "Tiger God",
        "opponent2": "Phoenix",
        "tournament": "CONTINENT WAR",
        "format": "2",
        "bet1": "4.78",
        "bet2": "2.23",
        "result1": "",
        "result2": "",
        "streamer": "",
        "streamlink": ""
    },
    {
        "id": "41247",
        "date": "2022-03-09 04:00:00",
        "time": "04:00:00",
        "timezone": "GMT",
        "game": "Dota 2",
        "status": "ended",
        "opponent1": "Kobolds",
        "opponent2": "Phoenix",
        "tournament": "CONTINENT WAR",
        "format": "2",
        "bet1": "2.53",
        "bet2": "4.88",
        "result1": "lost",
        "result2": "lost",
        "streamer": "yuhengtv",
        "streamlink": "https://www.twitch.tv/yuhengtv"
    },
    {
        "id": "41256",
        "date": "2022-03-09 04:00:00",
        "time": "04:00:00",
        "timezone": "GMT",
        "game": "Dota 2",
        "status": "closed",
        "opponent1": "Orca",
        "opponent2": "Army Geniuses",
        "tournament": "PNX Invitationals SEA",
        "format": "3",
        "bet1": "1.17",
        "bet2": "4.26",
        "result1": "",
        "result2": "",
        "streamer": "",
        "streamlink": ""
    },
    {
        "id": "40963",
        "date": "2022-03-09 06:00:00",
        "time": "06:00:00",
        "timezone": "GMT",
        "game": "Dota 2",
        "status": "abandoned",
        "opponent1": "M11",
        "opponent2": "Cookie",
        "tournament": "CONTINENT WAR",
        "format": "2",
        "bet1": "1.78",
        "bet2": "6.73",
        "result1": "",
        "result2": "",
        "streamer": "",
        "streamlink": ""
    },
    {
        "id": "40986",
        "date": "2022-03-09 06:00:00",
        "time": "06:00:00",
        "timezone": "GMT",
        "game": "League of Legends",
        "status": "closed",
        "opponent1": "Young Miracles",
        "opponent2": "Oh My Dream",
        "tournament": "Development League",
        "format": "1",
        "bet1": "1.44",
        "bet2": "2.56",
        "result1": "",
        "result2": "",
        "streamer": "",
        "streamlink": ""
    },
    {
        "id": "40987",
        "date": "2022-03-09 06:00:00",
        "time": "06:00:00",
        "timezone": "GMT",
        "game": "League of Legends",
        "status": "ended",
        "opponent1": "Ultra Prime Academy",
        "opponent2": "TWELVE",
        "tournament": "Development League",
        "format": "1",
        "bet1": "1.08",
        "bet2": "6.25",
        "result1": "",
        "result2": "",
        "streamer": "",
        "streamlink": ""
    },
    {
        "id": "41257",
        "date": "2022-03-09 07:00:00",
        "time": "07:00:00",
        "timezone": "GMT",
        "game": "Dota 2",
        "status": "closed",
        "opponent1": "Polaris",
        "opponent2": "Kinkalow",
        "tournament": "PNX Invitationals SEA",
        "format": "3",
        "bet1": "1.22",
        "bet2": "3.38",
        "result1": "",
        "result2": "",
        "streamer": "",
        "streamlink": ""
    },
    {
        "id": "40862",
        "date": "2022-03-09 07:37:00",
        "time": "07:37:00",
        "timezone": "GMT",
        "game": "Counter-Strike",
        "status": "ended",
        "opponent1": "Kanga",
        "opponent2": "Dynasty",
        "tournament": "LPL Pro League",
        "format": "3",
        "bet1": "2.46",
        "bet2": "1.47",
        "result1": "",
        "result2": "",
        "streamer": "lpl_csgo",
        "streamlink": "https://www.twitch.tv/lpl_csgo"
    },
    {
        "id": "40724",
        "date": "2022-03-09 08:00:00",
        "time": "08:00:00",
        "timezone": "GMT",
        "game": "Counter-Strike",
        "status": "closed",
        "opponent1": "Natus Vincere",
        "opponent2": "G2",
        "tournament": "ESL Pro League",
        "format": "0",
        "bet1": "",
        "bet2": "",
        "result1": "",
        "result2": "",
        "streamer": "",
        "streamlink": ""
    },
    {
        "id": "40988",
        "date": "2022-03-09 08:00:00",
        "time": "08:00:00",
        "timezone": "GMT",
        "game": "League of Legends",
        "status": "ended",
        "opponent1": "ORANGE",
        "opponent2": "ThunderTalk Young",
        "tournament": "Development League",
        "format": "1",
        "bet1": "1.55",
        "bet2": "2.26",
        "result1": "",
        "result2": "",
        "streamer": "",
        "streamlink": ""
    },
    {
        "id": "37166",
        "date": "2022-03-09 08:00:00",
        "time": "08:00:00",
        "timezone": "GMT",
        "game": "Counter-Strike",
        "status": "closed",
        "opponent1": "G2",
        "opponent2": "NIP",
        "tournament": "ESL Pro League",
        "format": "0",
        "bet1": "",
        "bet2": "",
        "result1": "",
        "result2": "",
        "streamer": "",
        "streamlink": ""
    },
    {
        "id": "37167",
        "date": "2022-03-09 08:00:00",
        "time": "08:00:00",
        "timezone": "GMT",
        "game": "Counter-Strike",
        "status": "closed",
        "opponent1": "G2",
        "opponent2": "NIP",
        "tournament": "ESL Pro League",
        "format": "0",
        "bet1": "",
        "bet2": "",
        "result1": "",
        "result2": "",
        "streamer": "",
        "streamlink": ""
    },
    {
        "id": "41308",
        "date": "2022-03-09 08:00:00",
        "time": "08:00:00",
        "timezone": "GMT",
        "game": "League of Legends",
        "status": "ended",
        "opponent1": "ThunderTalk Young",
        "opponent2": "ORANGE",
        "tournament": "Development League",
        "format": "3",
        "bet1": "2.49",
        "bet2": "1.46",
        "result1": "lost",
        "result2": "won",
        "streamer": "",
        "streamlink": ""
    },
    {
        "id": "41311",
        "date": "2022-03-09 08:00:00",
        "time": "08:00:00",
        "timezone": "GMT",
        "game": "League of Legends",
        "status": "ended",
        "opponent1": "Top Esports Chall",
        "opponent2": "Rare Atom Period",
        "tournament": "Development League",
        "format": "3",
        "bet1": "1.07",
        "bet2": "6.43",
        "result1": "won",
        "result2": "lost",
        "streamer": "",
        "streamlink": ""
    },
    {
        "id": "40172",
        "date": "2022-03-09 08:00:00",
        "time": "08:00:00",
        "timezone": "GMT",
        "game": "Counter-Strike",
        "status": "closed",
        "opponent1": "Natus Vincere",
        "opponent2": "Gambit",
        "tournament": "ESL Pro League",
        "format": "0",
        "bet1": "",
        "bet2": "",
        "result1": "",
        "result2": "",
        "streamer": "",
        "streamlink": ""
    },
    {
        "id": "41269",
        "date": "2022-03-09 08:01:00",
        "time": "08:01:00",
        "timezone": "GMT",
        "game": "Counter-Strike",
        "status": "ended",
        "opponent1": "Brugge",
        "opponent2": "Young Ninjas",
        "tournament": "Pinnacle Winter Series",
        "format": "3",
        "bet1": "2.48",
        "bet2": "1.51",
        "result1": "won",
        "result2": "lost",
        "streamer": "cct_en2",
        "streamlink": "https://www.twitch.tv/cct_en2"
    },
    {
        "id": "41268",
        "date": "2022-03-09 08:05:00",
        "time": "08:05:00",
        "timezone": "GMT",
        "game": "Counter-Strike",
        "status": "ended",
        "opponent1": "Into The Breach",
        "opponent2": "ALTERNATE aTTaX",
        "tournament": "Pinnacle Winter Series",
        "format": "3",
        "bet1": "1.75",
        "bet2": "2.03",
        "result1": "won",
        "result2": "lost",
        "streamer": "cct_en",
        "streamlink": "https://www.twitch.tv/cct_en"
    },
    {
        "id": "40946",
        "date": "2022-03-09 08:08:00",
        "time": "08:08:00",
        "timezone": "GMT",
        "game": "League of Legends",
        "status": "ended",
        "opponent1": "DRX",
        "opponent2": "Nongshim RedForce",
        "tournament": "Champions Korea",
        "format": "3",
        "bet1": "1.58",
        "bet2": "2.32",
        "result1": "won",
        "result2": "lost",
        "streamer": "LCK",
        "streamlink": "https://www.twitch.tv/lck"
    },
    {
        "id": "40947",
        "date": "2022-03-09 09:00:00",
        "time": "09:00:00",
        "timezone": "GMT",
        "game": "League of Legends",
        "status": "ended",
        "opponent1": "Burning Core",
        "opponent2": "Rascal Jester",
        "tournament": "Japan League",
        "format": "1",
        "bet1": "2.43",
        "bet2": "1.48",
        "result1": "lost",
        "result2": "won",
        "streamer": "riotgamesjp",
        "streamlink": "https://www.twitch.tv/riotgamesjp"
    },
    {
        "id": "40950",
        "date": "2022-03-09 09:21:00",
        "time": "09:21:00",
        "timezone": "GMT",
        "game": "League of Legends",
        "status": "ended",
        "opponent1": "Ultra Prime",
        "opponent2": "ThunderTalk",
        "tournament": "China LPL",
        "format": "3",
        "bet1": "1.62",
        "bet2": "2.25",
        "result1": "won",
        "result2": "lost",
        "streamer": "LPL",
        "streamlink": "https://www.twitch.tv/lpl"
    },
    {
        "id": "40989",
        "date": "2022-03-09 10:00:00",
        "time": "10:00:00",
        "timezone": "GMT",
        "game": "League of Legends",
        "status": "ended",
        "opponent1": "Bilibili Junior",
        "opponent2": "Royal Club",
        "tournament": "Development League",
        "format": "1",
        "bet1": "1.75",
        "bet2": "1.94",
        "result1": "",
        "result2": "",
        "streamer": "",
        "streamlink": ""
    },
    {
        "id": "41309",
        "date": "2022-03-09 10:00:00",
        "time": "10:00:00",
        "timezone": "GMT",
        "game": "League of Legends",
        "status": "ended",
        "opponent1": "Royal Club",
        "opponent2": "Bilibili Junior",
        "tournament": "Development League",
        "format": "3",
        "bet1": "2.06",
        "bet2": "1.66",
        "result1": "won",
        "result2": "lost",
        "streamer": "",
        "streamlink": ""
    },
    {
        "id": "41310",
        "date": "2022-03-09 10:00:00",
        "time": "10:00:00",
        "timezone": "GMT",
        "game": "League of Legends",
        "status": "ended",
        "opponent1": "MAX",
        "opponent2": "Edward Gaming Youth",
        "tournament": "Development League",
        "format": "3",
        "bet1": "1.51",
        "bet2": "2.36",
        "result1": "won",
        "result2": "lost",
        "streamer": "",
        "streamlink": ""
    },
    {
        "id": "41171",
        "date": "2022-03-09 10:00:00",
        "time": "10:00:00",
        "timezone": "GMT",
        "game": "League of Legends",
        "status": "ended",
        "opponent1": "Edward Gaming Youth",
        "opponent2": "MAX",
        "tournament": "Development League",
        "format": "1",
        "bet1": "2.23",
        "bet2": "1.57",
        "result1": "",
        "result2": "",
        "streamer": "",
        "streamlink": ""
    },
    {
        "id": "40951",
        "date": "2022-03-09 10:00:00",
        "time": "10:00:00",
        "timezone": "GMT",
        "game": "League of Legends",
        "status": "ended",
        "opponent1": "V3",
        "opponent2": "Crest Act",
        "tournament": "Japan League",
        "format": "1",
        "bet1": "6.89",
        "bet2": "1.06",
        "result1": "lost",
        "result2": "won",
        "streamer": "riotgamesjp",
        "streamlink": "https://www.twitch.tv/riotgamesjp"
    },
    {
        "id": "41167",
        "date": "2022-03-09 10:05:00",
        "time": "10:05:00",
        "timezone": "GMT",
        "game": "Counter-Strike",
        "status": "ended",
        "opponent1": "Nut-E",
        "opponent2": "Bandits",
        "tournament": "LPL Pro League",
        "format": "3",
        "bet1": "1.69",
        "bet2": "2.02",
        "result1": "lost",
        "result2": "won",
        "streamer": "LPL_CSGO",
        "streamlink": "https://player.twitch.tv/?channel=lpl_csgo&enableExtensions=true&muted=true&parent=twitch.tv&player=popout&quality=auto&volume=0.5"
    },
    {
        "id": "40990",
        "date": "2022-03-09 11:00:00",
        "time": "11:00:00",
        "timezone": "GMT",
        "game": "League of Legends",
        "status": "ended",
        "opponent1": "AXIZ",
        "opponent2": "Detonation FM",
        "tournament": "Japan League",
        "format": "1",
        "bet1": "9.27",
        "bet2": "1.03",
        "result1": "lost",
        "result2": "won",
        "streamer": "riotgamesjp",
        "streamlink": "https://www.twitch.tv/riotgamesjp"
    },
    {
        "id": "41437",
        "date": "2022-03-09 11:00:00",
        "time": "11:00:00",
        "timezone": "GMT",
        "game": "Dota 2",
        "status": "ended",
        "opponent1": "Renewal",
        "opponent2": "TNT",
        "tournament": "MESA League",
        "format": "3",
        "bet1": "1.35",
        "bet2": "2.86",
        "result1": "won",
        "result2": "lost",
        "streamer": "",
        "streamlink": ""
    },
    {
        "id": "40952",
        "date": "2022-03-09 11:00:00",
        "time": "11:00:00",
        "timezone": "GMT",
        "game": "League of Legends",
        "status": "ended",
        "opponent1": "Gen.G",
        "opponent2": "DAMWON KIA",
        "tournament": "Champions Korea",
        "format": "3",
        "bet1": "2.16",
        "bet2": "1.66",
        "result1": "won",
        "result2": "lost",
        "streamer": "LCK",
        "streamlink": "https://www.twitch.tv/lck"
    },
    {
        "id": "41271",
        "date": "2022-03-09 11:01:00",
        "time": "11:01:00",
        "timezone": "GMT",
        "game": "Counter-Strike",
        "status": "ended",
        "opponent1": "GamerLegion",
        "opponent2": "UNGENTIUM",
        "tournament": "Pinnacle Winter Series",
        "format": "3",
        "bet1": "1.26",
        "bet2": "3.68",
        "result1": "lost",
        "result2": "won",
        "streamer": "CCT_EN2",
        "streamlink": "https://player.twitch.tv/?channel=cct_en2&enableExtensions=true&muted=true&parent=twitch.tv&player=popout&quality=auto&volume=0.5"
    },
    {
        "id": "41103",
        "date": "2022-03-09 11:10:00",
        "time": "11:10:00",
        "timezone": "GMT",
        "game": "League of Legends",
        "status": "ended",
        "opponent1": "DWG KIA",
        "opponent2": "Gen.G",
        "tournament": "Champions Korea",
        "format": "3",
        "bet1": "1.41",
        "bet2": "2.81",
        "result1": "lost",
        "result2": "won",
        "streamer": "LCK",
        "streamlink": "https://www.twitch.tv/lck"
    },
    {
        "id": "41270",
        "date": "2022-03-09 11:37:00",
        "time": "11:37:00",
        "timezone": "GMT",
        "game": "Counter-Strike",
        "status": "ended",
        "opponent1": "Tricked",
        "opponent2": "Astralis Talent",
        "tournament": "Pinnacle Winter Series",
        "format": "3",
        "bet1": "1.71",
        "bet2": "2.09",
        "result1": "lost",
        "result2": "won",
        "streamer": "CCT_EN",
        "streamlink": "https://player.twitch.tv/?channel=cct_en&enableExtensions=true&muted=true&parent=twitch.tv&player=popout&quality=auto&volume=0.5"
    },
    {
        "id": "39526",
        "date": "2022-03-09 11:41:00",
        "time": "11:41:00",
        "timezone": "GMT",
        "game": "Counter-Strike",
        "status": "ended",
        "opponent1": "G2",
        "opponent2": "LookingForOrg",
        "tournament": "ESL Pro League",
        "format": "3",
        "bet1": "0.99",
        "bet2": "25.35",
        "result1": "won",
        "result2": "lost",
        "streamer": "ESL_CSGO",
        "streamlink": "https://player.twitch.tv/?channel=esl_csgo&enableExtensions=true&muted=true&parent=twitch.tv&player=popout&quality=auto&volume=0.5"
    },
    {
        "id": "40992",
        "date": "2022-03-09 12:00:00",
        "time": "12:00:00",
        "timezone": "GMT",
        "game": "League of Legends",
        "status": "cancelled",
        "opponent1": "SoftBank HAWKS",
        "opponent2": "Sengoku",
        "tournament": "Japan League",
        "format": "1",
        "bet1": "",
        "bet2": "",
        "result1": "",
        "result2": "",
        "streamer": "",
        "streamlink": ""
    },
    {
        "id": "40994",
        "date": "2022-03-09 12:00:00",
        "time": "12:00:00",
        "timezone": "GMT",
        "game": "League of Legends",
        "status": "ended",
        "opponent1": "Fukuoka Softbank Hawks",
        "opponent2": "Sengoku",
        "tournament": "Japan League",
        "format": "1",
        "bet1": "3.54",
        "bet2": "1.24",
        "result1": "lost",
        "result2": "won",
        "streamer": "riotgamesjp",
        "streamlink": "https://www.twitch.tv/riotgamesjp"
    },
    {
        "id": "41296",
        "date": "2022-03-09 12:00:00",
        "time": "12:00:00",
        "timezone": "GMT",
        "game": "StarCraft 2",
        "status": "ended",
        "opponent1": "Solar",
        "opponent2": "Dream",
        "tournament": "ITaX Super Series",
        "format": "5",
        "bet1": "1.27",
        "bet2": "3.32",
        "result1": "lost",
        "result2": "won",
        "streamer": "",
        "streamlink": ""
    },
    {
        "id": "40991",
        "date": "2022-03-09 12:27:00",
        "time": "12:27:00",
        "timezone": "GMT",
        "game": "League of Legends",
        "status": "ended",
        "opponent1": "Royal Never Give Up",
        "opponent2": "LGD",
        "tournament": "China LPL",
        "format": "3",
        "bet1": "1.08",
        "bet2": "7.33",
        "result1": "won",
        "result2": "lost",
        "streamer": "LPL",
        "streamlink": "https://www.twitch.tv/lpl"
    },
    {
        "id": "41297",
        "date": "2022-03-09 13:00:00",
        "time": "13:00:00",
        "timezone": "GMT",
        "game": "StarCraft 2",
        "status": "live",
        "opponent1": "ByuN",
        "opponent2": "Trap",
        "tournament": "ITaX Super Series",
        "format": "5",
        "bet1": "1.99",
        "bet2": "1.71",
        "result1": "",
        "result2": "",
        "streamer": "",
        "streamlink": ""
    },
    {
        "id": "41090",
        "date": "2022-03-09 14:00:00",
        "time": "14:00:00",
        "timezone": "GMT",
        "game": "Counter-Strike",
        "status": "live",
        "opponent1": "Ambush",
        "opponent2": "Infinite",
        "tournament": "EPULZE Invitational",
        "format": "3",
        "bet1": "1.33",
        "bet2": "2.98",
        "result1": "",
        "result2": "",
        "streamer": "",
        "streamlink": ""
    },
    {
        "id": "41272",
        "date": "2022-03-09 14:32:00",
        "time": "14:32:00",
        "timezone": "GMT",
        "game": "Counter-Strike",
        "status": "live",
        "opponent1": "Wisla Krakow",
        "opponent2": "ECLOT",
        "tournament": "Pinnacle Winter Series",
        "format": "3",
        "bet1": "1.27",
        "bet2": "3.45",
        "result1": "",
        "result2": "",
        "streamer": "CCT_EN",
        "streamlink": "https://player.twitch.tv/?channel=cct_en&enableExtensions=true&muted=true&parent=twitch.tv&player=popout&quality=auto&volume=0.5"
    },
    {
        "id": "41275",
        "date": "2022-03-09 14:41:00",
        "time": "14:41:00",
        "timezone": "GMT",
        "game": "Counter-Strike",
        "status": "live",
        "opponent1": "Eternal Fire",
        "opponent2": "SKADE",
        "tournament": "Pinnacle Winter Series",
        "format": "3",
        "bet1": "1.75",
        "bet2": "1.94",
        "result1": "",
        "result2": "",
        "streamer": "",
        "streamlink": ""
    },
    {
        "id": "41299",
        "date": "2022-03-09 15:00:00",
        "time": "15:00:00",
        "timezone": "GMT",
        "game": "Counter-Strike",
        "status": "live",
        "opponent1": "GarTi",
        "opponent2": "Strive in chaos",
        "tournament": "RES",
        "format": "3",
        "bet1": "1.86",
        "bet2": "1.82",
        "result1": "",
        "result2": "",
        "streamer": "",
        "streamlink": ""
    },
    {
        "id": "41445",
        "date": "2022-03-09 15:00:00",
        "time": "15:00:00",
        "timezone": "GMT",
        "game": "Counter-Strike",
        "status": "live",
        "opponent1": "OFFSET",
        "opponent2": "Singularity",
        "tournament": "ESEA Advanced Division Europe",
        "format": "1",
        "bet1": "2.18",
        "bet2": "1.59",
        "result1": "",
        "result2": "",
        "streamer": "",
        "streamlink": ""
    },
    {
        "id": "41446",
        "date": "2022-03-09 15:00:00",
        "time": "15:00:00",
        "timezone": "GMT",
        "game": "Counter-Strike",
        "status": "live",
        "opponent1": "K23",
        "opponent2": "Anonymo",
        "tournament": "ESEA Advanced Division Europe",
        "format": "1",
        "bet1": "1.44",
        "bet2": "2.56",
        "result1": "",
        "result2": "",
        "streamer": "",
        "streamlink": ""
    },
    {
        "id": "39527",
        "date": "2022-03-09 15:11:00",
        "time": "15:11:00",
        "timezone": "GMT",
        "game": "Counter-Strike",
        "status": "live",
        "opponent1": "Entropiq",
        "opponent2": "MOUZ",
        "tournament": "ESL Pro League",
        "format": "3",
        "bet1": "1.39",
        "bet2": "2.79",
        "result1": "",
        "result2": "",
        "streamer": "ESL_CSGO",
        "streamlink": "https://player.twitch.tv/?channel=esl_csgo&enableExtensions=true&muted=false&parent=twitch.tv&player=popout&quality=chunked&volume=0.20000000298023224"
    },
    {
        "id": "40995",
        "date": "2022-03-09 16:00:00",
        "time": "16:00:00",
        "timezone": "GMT",
        "game": "League of Legends",
        "status": "cancelled",
        "opponent1": "Iron Wolves",
        "opponent2": "devils.one",
        "tournament": "Ultraliga",
        "format": "1",
        "bet1": "1.21",
        "bet2": "4.1",
        "result1": "",
        "result2": "",
        "streamer": "",
        "streamlink": ""
    },
    {
        "id": "41302",
        "date": "2022-03-09 16:00:00",
        "time": "16:00:00",
        "timezone": "GMT",
        "game": "Valorant",
        "status": "live",
        "opponent1": "Finest",
        "opponent2": "Gamerland Outlaws",
        "tournament": "VRL East: Surge",
        "format": "3",
        "bet1": "1.89",
        "bet2": "1.72",
        "result1": "",
        "result2": "",
        "streamer": "",
        "streamlink": ""
    },
    {
        "id": "41303",
        "date": "2022-03-09 16:00:00",
        "time": "16:00:00",
        "timezone": "GMT",
        "game": "Valorant",
        "status": "live",
        "opponent1": "NOM",
        "opponent2": "Anorthosis Famagusta",
        "tournament": "VRL East: Surge",
        "format": "3",
        "bet1": "1.41",
        "bet2": "2.51",
        "result1": "",
        "result2": "",
        "streamer": "",
        "streamlink": ""
    },
    {
        "id": "41116",
        "date": "2022-03-09 16:00:00",
        "time": "16:00:00",
        "timezone": "GMT",
        "game": "League of Legends",
        "status": "cancelled",
        "opponent1": "Forsaken",
        "opponent2": "Gentlemen's",
        "tournament": "Ultraliga",
        "format": "1",
        "bet1": "",
        "bet2": "",
        "result1": "",
        "result2": "",
        "streamer": "",
        "streamlink": ""
    },
    {
        "id": "41126",
        "date": "2022-03-09 16:06:00",
        "time": "16:06:00",
        "timezone": "GMT",
        "game": "League of Legends",
        "status": "live",
        "opponent1": "Forsaken",
        "opponent2": "Gentlemens",
        "tournament": "Ultraliga",
        "format": "1",
        "bet1": "1.7",
        "bet2": "1.97",
        "result1": "",
        "result2": "",
        "streamer": "polsatgames",
        "streamlink": "https://www.twitch.tv/polsatgames"
    },
    {
        "id": "41478",
        "date": "2022-03-09 17:00:00",
        "time": "17:00:00",
        "timezone": "GMT",
        "game": "Valorant",
        "status": "not_started",
        "opponent1": "KOVA",
        "opponent2": "London",
        "tournament": "VRL Northern EU: Polaris",
        "format": "3",
        "bet1": "1.46",
        "bet2": "2.36",
        "result1": "",
        "result2": "",
        "streamer": "",
        "streamlink": ""
    },
    {
        "id": "40985",
        "date": "2022-03-09 17:00:00",
        "time": "17:00:00",
        "timezone": "GMT",
        "game": "Counter-Strike",
        "status": "not_started",
        "opponent1": "Rhein Neckar",
        "opponent2": "Epic Dudes",
        "tournament": "Fragster League",
        "format": "2",
        "bet1": "2.37",
        "bet2": "4.78",
        "result1": "",
        "result2": "",
        "streamer": "",
        "streamlink": ""
    },
    {
        "id": "40996",
        "date": "2022-03-09 17:00:00",
        "time": "17:00:00",
        "timezone": "GMT",
        "game": "League of Legends",
        "status": "cancelled",
        "opponent1": "Komil and Friends",
        "opponent2": "Illuminar",
        "tournament": "Ultraliga",
        "format": "1",
        "bet1": "2.3",
        "bet2": "1.59",
        "result1": "",
        "result2": "",
        "streamer": "",
        "streamlink": ""
    },
    {
        "id": "40999",
        "date": "2022-03-09 17:00:00",
        "time": "17:00:00",
        "timezone": "GMT",
        "game": "League of Legends",
        "status": "not_started",
        "opponent1": "Dusty",
        "opponent2": "MnM",
        "tournament": "Northern Championship",
        "format": "1",
        "bet1": "1.36",
        "bet2": "2.83",
        "result1": "",
        "result2": "",
        "streamer": "",
        "streamlink": ""
    },
    {
        "id": "41091",
        "date": "2022-03-09 17:00:00",
        "time": "17:00:00",
        "timezone": "GMT",
        "game": "Counter-Strike",
        "status": "not_started",
        "opponent1": "OFFSET",
        "opponent2": "Dynamo Ecloo",
        "tournament": "EPULZE Invitational",
        "format": "3",
        "bet1": "2.11",
        "bet2": "1.63",
        "result1": "",
        "result2": "",
        "streamer": "",
        "streamlink": ""
    },
    {
        "id": "41447",
        "date": "2022-03-09 17:00:00",
        "time": "17:00:00",
        "timezone": "GMT",
        "game": "Counter-Strike",
        "status": "not_started",
        "opponent1": "LowLandLions",
        "opponent2": "K23",
        "tournament": "ESEA Advanced Division Europe",
        "format": "1",
        "bet1": "5.37",
        "bet2": "1.11",
        "result1": "",
        "result2": "",
        "streamer": "",
        "streamlink": ""
    },
    {
        "id": "41448",
        "date": "2022-03-09 17:00:00",
        "time": "17:00:00",
        "timezone": "GMT",
        "game": "Counter-Strike",
        "status": "not_started",
        "opponent1": "Kyiv",
        "opponent2": "BLUEJAYS",
        "tournament": "ESEA Advanced Division Europe",
        "format": "1",
        "bet1": "2.05",
        "bet2": "1.67",
        "result1": "",
        "result2": "",
        "streamer": "",
        "streamlink": ""
    },
    {
        "id": "41449",
        "date": "2022-03-09 17:00:00",
        "time": "17:00:00",
        "timezone": "GMT",
        "game": "Counter-Strike",
        "status": "not_started",
        "opponent1": "Ungentium",
        "opponent2": "Fade",
        "tournament": "ESEA Advanced Division Europe",
        "format": "1",
        "bet1": "1.58",
        "bet2": "2.21",
        "result1": "",
        "result2": "",
        "streamer": "",
        "streamlink": ""
    },
    {
        "id": "41450",
        "date": "2022-03-09 17:00:00",
        "time": "17:00:00",
        "timezone": "GMT",
        "game": "Counter-Strike",
        "status": "not_started",
        "opponent1": "Linx Legacy",
        "opponent2": "4glory",
        "tournament": "ESEA Advanced Division Europe",
        "format": "1",
        "bet1": "4.34",
        "bet2": "1.17",
        "result1": "",
        "result2": "",
        "streamer": "",
        "streamlink": ""
    },
    {
        "id": "41451",
        "date": "2022-03-09 17:00:00",
        "time": "17:00:00",
        "timezone": "GMT",
        "game": "Counter-Strike",
        "status": "not_started",
        "opponent1": "No Limit",
        "opponent2": "VELOX",
        "tournament": "ESEA Advanced Division Europe",
        "format": "1",
        "bet1": "1.49",
        "bet2": "2.39",
        "result1": "",
        "result2": "",
        "streamer": "",
        "streamlink": ""
    },
    {
        "id": "41452",
        "date": "2022-03-09 17:00:00",
        "time": "17:00:00",
        "timezone": "GMT",
        "game": "Counter-Strike",
        "status": "not_started",
        "opponent1": "temp",
        "opponent2": "Sissi State Punks",
        "tournament": "ESEA Advanced Division Europe",
        "format": "1",
        "bet1": "1.34",
        "bet2": "2.93",
        "result1": "",
        "result2": "",
        "streamer": "",
        "streamlink": ""
    },
    {
        "id": "41003",
        "date": "2022-03-09 17:15:00",
        "time": "17:15:00",
        "timezone": "GMT",
        "game": "League of Legends",
        "status": "not_started",
        "opponent1": "Oplon",
        "opponent2": "GameWard",
        "tournament": "La Ligue Francaise",
        "format": "1",
        "bet1": "3.63",
        "bet2": "1.23",
        "result1": "",
        "result2": "",
        "streamer": "",
        "streamlink": ""
    },
    {
        "id": "41273",
        "date": "2022-03-09 17:15:00",
        "time": "17:15:00",
        "timezone": "GMT",
        "game": "Counter-Strike",
        "status": "not_started",
        "opponent1": "Endpoint",
        "opponent2": "eSuba",
        "tournament": "Pinnacle Winter Series",
        "format": "3",
        "bet1": "1.08",
        "bet2": "7.23",
        "result1": "",
        "result2": "",
        "streamer": "CCT_EN2",
        "streamlink": "https://player.twitch.tv/?channel=cct_en2&enableExtensions=true&muted=true&parent=twitch.tv&player=popout&quality=auto&volume=0.5"
    },
    {
        "id": "41274",
        "date": "2022-03-09 17:15:00",
        "time": "17:15:00",
        "timezone": "GMT",
        "game": "Counter-Strike",
        "status": "not_started",
        "opponent1": "MOUZ NXT",
        "opponent2": "Apeks",
        "tournament": "Pinnacle Winter Series",
        "format": "3",
        "bet1": "1.56",
        "bet2": "2.37",
        "result1": "",
        "result2": "",
        "streamer": "",
        "streamlink": ""
    },
    {
        "id": "41117",
        "date": "2022-03-09 17:15:00",
        "time": "17:15:00",
        "timezone": "GMT",
        "game": "League of Legends",
        "status": "not_started",
        "opponent1": "Iron Wolves",
        "opponent2": "Goskilla",
        "tournament": "Ultraliga",
        "format": "1",
        "bet1": "1.33",
        "bet2": "3.18",
        "result1": "",
        "result2": "",
        "streamer": "polsatgames",
        "streamlink": "https://www.twitch.tv/polsatgames"
    },
    {
        "id": "41219",
        "date": "2022-03-09 18:00:00",
        "time": "18:00:00",
        "timezone": "GMT",
        "game": "League of Legends",
        "status": "not_started",
        "opponent1": "Outplayed",
        "opponent2": "GG Esports",
        "tournament": "PG Nationals",
        "format": "5",
        "bet1": "1.39",
        "bet2": "2.91",
        "result1": "",
        "result2": "",
        "streamer": "",
        "streamlink": ""
    },
    {
        "id": "40964",
        "date": "2022-03-09 18:00:00",
        "time": "18:00:00",
        "timezone": "GMT",
        "game": "Dota 2",
        "status": "not_started",
        "opponent1": "iVy",
        "opponent2": "Hundehutte",
        "tournament": "ESL Meisterschaft",
        "format": "2",
        "bet1": "1.25",
        "bet2": "18.98",
        "result1": "",
        "result2": "",
        "streamer": "",
        "streamlink": ""
    },
    {
        "id": "41479",
        "date": "2022-03-09 18:00:00",
        "time": "18:00:00",
        "timezone": "GMT",
        "game": "Valorant",
        "status": "not_started",
        "opponent1": "Mandatory",
        "opponent2": "beGenius",
        "tournament": "VRL France: Revolution",
        "format": "2",
        "bet1": "3.78",
        "bet2": "2.33",
        "result1": "",
        "result2": "",
        "streamer": "",
        "streamlink": ""
    },
    {
        "id": "40984",
        "date": "2022-03-09 18:00:00",
        "time": "18:00:00",
        "timezone": "GMT",
        "game": "Counter-Strike",
        "status": "not_started",
        "opponent1": "Ambush",
        "opponent2": "Make Your Destiny",
        "tournament": "NumberOne",
        "format": "3",
        "bet1": "1.37",
        "bet2": "2.63",
        "result1": "",
        "result2": "",
        "streamer": "",
        "streamlink": ""
    },
    {
        "id": "41001",
        "date": "2022-03-09 18:00:00",
        "time": "18:00:00",
        "timezone": "GMT",
        "game": "League of Legends",
        "status": "cancelled",
        "opponent1": "Goskilla",
        "opponent2": "ESCA",
        "tournament": "Ultraliga",
        "format": "1",
        "bet1": "3.1",
        "bet2": "1.35",
        "result1": "",
        "result2": "",
        "streamer": "",
        "streamlink": ""
    },
    {
        "id": "41002",
        "date": "2022-03-09 18:00:00",
        "time": "18:00:00",
        "timezone": "GMT",
        "game": "League of Legends",
        "status": "not_started",
        "opponent1": "Bifrost",
        "opponent2": "Singularity",
        "tournament": "Northern Championship",
        "format": "1",
        "bet1": "1.11",
        "bet2": "5.35",
        "result1": "",
        "result2": "",
        "streamer": "",
        "streamlink": ""
    },
    {
        "id": "41298",
        "date": "2022-03-09 18:00:00",
        "time": "18:00:00",
        "timezone": "GMT",
        "game": "Counter-Strike",
        "status": "not_started",
        "opponent1": "proWince",
        "opponent2": "Marten Rising",
        "tournament": "RES",
        "format": "3",
        "bet1": "2.35",
        "bet2": "1.51",
        "result1": "",
        "result2": "",
        "streamer": "",
        "streamlink": ""
    },
    {
        "id": "41394",
        "date": "2022-03-09 18:00:00",
        "time": "18:00:00",
        "timezone": "GMT",
        "game": "Valorant",
        "status": "not_started",
        "opponent1": "FOKUS",
        "opponent2": "DSYRE",
        "tournament": "VRL DACH: Evolution",
        "format": "2",
        "bet1": "3.58",
        "bet2": "2.43",
        "result1": "",
        "result2": "",
        "streamer": "",
        "streamlink": ""
    },
    {
        "id": "41453",
        "date": "2022-03-09 18:00:00",
        "time": "18:00:00",
        "timezone": "GMT",
        "game": "Counter-Strike",
        "status": "not_started",
        "opponent1": "HellRaisers",
        "opponent2": "MASONIC",
        "tournament": "ESEA Advanced Division Europe",
        "format": "1",
        "bet1": "2.01",
        "bet2": "1.7",
        "result1": "",
        "result2": "",
        "streamer": "",
        "streamlink": ""
    },
    {
        "id": "41454",
        "date": "2022-03-09 18:00:00",
        "time": "18:00:00",
        "timezone": "GMT",
        "game": "Counter-Strike",
        "status": "not_started",
        "opponent1": "NASR",
        "opponent2": "Brugge",
        "tournament": "ESEA Advanced Division Europe",
        "format": "1",
        "bet1": "2.02",
        "bet2": "1.69",
        "result1": "",
        "result2": "",
        "streamer": "",
        "streamlink": ""
    },
    {
        "id": "41455",
        "date": "2022-03-09 18:00:00",
        "time": "18:00:00",
        "timezone": "GMT",
        "game": "Counter-Strike",
        "status": "not_started",
        "opponent1": "Fnatic Rising",
        "opponent2": "ex-ESCA",
        "tournament": "ESEA Advanced Division Europe",
        "format": "1",
        "bet1": "1.78",
        "bet2": "1.9",
        "result1": "",
        "result2": "",
        "streamer": "",
        "streamlink": ""
    },
    {
        "id": "41456",
        "date": "2022-03-09 18:00:00",
        "time": "18:00:00",
        "timezone": "GMT",
        "game": "Counter-Strike",
        "status": "not_started",
        "opponent1": "ENTERPRISE",
        "opponent2": "Leo",
        "tournament": "ESEA Advanced Division Europe",
        "format": "1",
        "bet1": "1.21",
        "bet2": "3.83",
        "result1": "",
        "result2": "",
        "streamer": "",
        "streamlink": ""
    },
    {
        "id": "41457",
        "date": "2022-03-09 18:00:00",
        "time": "18:00:00",
        "timezone": "GMT",
        "game": "Counter-Strike",
        "status": "not_started",
        "opponent1": "BIG Academy",
        "opponent2": "OMAPELI",
        "tournament": "ESEA Advanced Division Europe",
        "format": "1",
        "bet1": "1.32",
        "bet2": "3.03",
        "result1": "",
        "result2": "",
        "streamer": "",
        "streamlink": ""
    },
    {
        "id": "41007",
        "date": "2022-03-09 18:15:00",
        "time": "18:15:00",
        "timezone": "GMT",
        "game": "League of Legends",
        "status": "not_started",
        "opponent1": "Misfits Premier",
        "opponent2": "BDS Academy",
        "tournament": "La Ligue Francaise",
        "format": "1",
        "bet1": "1.69",
        "bet2": "2.02",
        "result1": "",
        "result2": "",
        "streamer": "",
        "streamlink": ""
    },
    {
        "id": "41284",
        "date": "2022-03-09 18:15:00",
        "time": "18:15:00",
        "timezone": "GMT",
        "game": "Counter-Strike",
        "status": "not_started",
        "opponent1": "SAW",
        "opponent2": "SKADE",
        "tournament": "ESL Challenger League Europe",
        "format": "3",
        "bet1": "2.03",
        "bet2": "1.69",
        "result1": "",
        "result2": "",
        "streamer": "",
        "streamlink": ""
    },
    {
        "id": "41118",
        "date": "2022-03-09 18:15:00",
        "time": "18:15:00",
        "timezone": "GMT",
        "game": "League of Legends",
        "status": "not_started",
        "opponent1": "ESCA",
        "opponent2": "Zero Tenacity",
        "tournament": "Ultraliga",
        "format": "1",
        "bet1": "1.69",
        "bet2": "2.12",
        "result1": "",
        "result2": "",
        "streamer": "polsatgames",
        "streamlink": "https://www.twitch.tv/polsatgames"
    },
    {
        "id": "39528",
        "date": "2022-03-09 18:45:00",
        "time": "18:45:00",
        "timezone": "GMT",
        "game": "Counter-Strike",
        "status": "not_started",
        "opponent1": "Ninjas in Pyjamas",
        "opponent2": "fnatic",
        "tournament": "ESL Pro League",
        "format": "3",
        "bet1": "1.19",
        "bet2": "4.38",
        "result1": "",
        "result2": "",
        "streamer": "",
        "streamlink": ""
    },
    {
        "id": "41220",
        "date": "2022-03-09 19:00:00",
        "time": "19:00:00",
        "timezone": "GMT",
        "game": "League of Legends",
        "status": "not_started",
        "opponent1": "For The Win",
        "opponent2": "White Dragons",
        "tournament": "Liga Portuguesa",
        "format": "5",
        "bet1": "1.35",
        "bet2": "2.89",
        "result1": "",
        "result2": "",
        "streamer": "",
        "streamlink": ""
    },
    {
        "id": "41249",
        "date": "2022-03-09 19:00:00",
        "time": "19:00:00",
        "timezone": "GMT",
        "game": "Counter-Strike",
        "status": "not_started",
        "opponent1": "ALTERNATE aTTaX",
        "opponent2": "PartyDaddlers",
        "tournament": "Fragster League",
        "format": "2",
        "bet1": "1.62",
        "bet2": "9.48",
        "result1": "",
        "result2": "",
        "streamer": "",
        "streamlink": ""
    },
    {
        "id": "41004",
        "date": "2022-03-09 19:00:00",
        "time": "19:00:00",
        "timezone": "GMT",
        "game": "League of Legends",
        "status": "cancelled",
        "opponent1": "Forsaken",
        "opponent2": "Zero Tenacity",
        "tournament": "Ultraliga",
        "format": "1",
        "bet1": "2.35",
        "bet2": "1.57",
        "result1": "",
        "result2": "",
        "streamer": "",
        "streamlink": ""
    },
    {
        "id": "41006",
        "date": "2022-03-09 19:00:00",
        "time": "19:00:00",
        "timezone": "GMT",
        "game": "League of Legends",
        "status": "not_started",
        "opponent1": "JDXL",
        "opponent2": "Riddle",
        "tournament": "Northern Championship",
        "format": "1",
        "bet1": "1.32",
        "bet2": "3.03",
        "result1": "",
        "result2": "",
        "streamer": "",
        "streamlink": ""
    },
    {
        "id": "41304",
        "date": "2022-03-09 19:00:00",
        "time": "19:00:00",
        "timezone": "GMT",
        "game": "Valorant",
        "status": "not_started",
        "opponent1": "Awaria",
        "opponent2": "Anonymo",
        "tournament": "VRL East: Surge",
        "format": "3",
        "bet1": "1.79",
        "bet2": "1.82",
        "result1": "",
        "result2": "",
        "streamer": "",
        "streamlink": ""
    },
    {
        "id": "41305",
        "date": "2022-03-09 19:00:00",
        "time": "19:00:00",
        "timezone": "GMT",
        "game": "Valorant",
        "status": "not_started",
        "opponent1": "KTRL",
        "opponent2": "Entropiq",
        "tournament": "VRL East: Surge",
        "format": "3",
        "bet1": "3.37",
        "bet2": "1.22",
        "result1": "",
        "result2": "",
        "streamer": "",
        "streamlink": ""
    },
    {
        "id": "41458",
        "date": "2022-03-09 19:00:00",
        "time": "19:00:00",
        "timezone": "GMT",
        "game": "Counter-Strike",
        "status": "not_started",
        "opponent1": "Linx Legacy",
        "opponent2": "VP.Prodigy",
        "tournament": "ESEA Advanced Division Europe",
        "format": "1",
        "bet1": "2.55",
        "bet2": "1.44",
        "result1": "",
        "result2": "",
        "streamer": "",
        "streamlink": ""
    },
    {
        "id": "41459",
        "date": "2022-03-09 19:00:00",
        "time": "19:00:00",
        "timezone": "GMT",
        "game": "Counter-Strike",
        "status": "not_started",
        "opponent1": "BLUEJAYS",
        "opponent2": "MAD Lions",
        "tournament": "ESEA Advanced Division Europe",
        "format": "1",
        "bet1": "2.19",
        "bet2": "1.59",
        "result1": "",
        "result2": "",
        "streamer": "",
        "streamlink": ""
    },
    {
        "id": "41460",
        "date": "2022-03-09 19:00:00",
        "time": "19:00:00",
        "timezone": "GMT",
        "game": "Counter-Strike",
        "status": "not_started",
        "opponent1": "fambit",
        "opponent2": "No Limit",
        "tournament": "ESEA Advanced Division Europe",
        "format": "1",
        "bet1": "2.21",
        "bet2": "1.57",
        "result1": "",
        "result2": "",
        "streamer": "",
        "streamlink": ""
    },
    {
        "id": "41461",
        "date": "2022-03-09 19:00:00",
        "time": "19:00:00",
        "timezone": "GMT",
        "game": "Counter-Strike",
        "status": "not_started",
        "opponent1": "LowLandLions",
        "opponent2": "Kyiv",
        "tournament": "ESEA Advanced Division Europe",
        "format": "1",
        "bet1": "3.8",
        "bet2": "1.21",
        "result1": "",
        "result2": "",
        "streamer": "",
        "streamlink": ""
    },
    {
        "id": "41462",
        "date": "2022-03-09 19:00:00",
        "time": "19:00:00",
        "timezone": "GMT",
        "game": "Counter-Strike",
        "status": "not_started",
        "opponent1": "Insilio",
        "opponent2": "GameAgents",
        "tournament": "ESEA Advanced Division Europe",
        "format": "1",
        "bet1": "1.55",
        "bet2": "2.25",
        "result1": "",
        "result2": "",
        "streamer": "",
        "streamlink": ""
    },
    {
        "id": "41463",
        "date": "2022-03-09 19:00:00",
        "time": "19:00:00",
        "timezone": "GMT",
        "game": "Counter-Strike",
        "status": "not_started",
        "opponent1": "Trident",
        "opponent2": "WorldWid3",
        "tournament": "ESEA Advanced Division Europe",
        "format": "1",
        "bet1": "1.33",
        "bet2": "2.97",
        "result1": "",
        "result2": "",
        "streamer": "",
        "streamlink": ""
    },
    {
        "id": "41029",
        "date": "2022-03-09 19:15:00",
        "time": "19:15:00",
        "timezone": "GMT",
        "game": "League of Legends",
        "status": "not_started",
        "opponent1": "Solary",
        "opponent2": "LDLC OL",
        "tournament": "La Ligue Francaise",
        "format": "1",
        "bet1": "2.3",
        "bet2": "1.54",
        "result1": "",
        "result2": "",
        "streamer": "",
        "streamlink": ""
    },
    {
        "id": "41119",
        "date": "2022-03-09 19:15:00",
        "time": "19:15:00",
        "timezone": "GMT",
        "game": "League of Legends",
        "status": "not_started",
        "opponent1": "AGO ROGUE",
        "opponent2": "Illuminar",
        "tournament": "Ultraliga",
        "format": "1",
        "bet1": "1.17",
        "bet2": "4.67",
        "result1": "",
        "result2": "",
        "streamer": "polsatgames",
        "streamlink": "https://www.twitch.tv/polsatgames"
    },
    {
        "id": "41480",
        "date": "2022-03-09 20:00:00",
        "time": "20:00:00",
        "timezone": "GMT",
        "game": "Valorant",
        "status": "not_started",
        "opponent1": "WYLDE",
        "opponent2": "Valar Morghulis",
        "tournament": "VRL France: Revolution",
        "format": "2",
        "bet1": "2.28",
        "bet2": "3.88",
        "result1": "",
        "result2": "",
        "streamer": "",
        "streamlink": ""
    },
    {
        "id": "41481",
        "date": "2022-03-09 20:00:00",
        "time": "20:00:00",
        "timezone": "GMT",
        "game": "Valorant",
        "status": "not_started",
        "opponent1": "SPARX",
        "opponent2": "Ovation",
        "tournament": "VRL DACH: Evolution",
        "format": "2",
        "bet1": "2.33",
        "bet2": "3.78",
        "result1": "",
        "result2": "",
        "streamer": "",
        "streamlink": ""
    },
    {
        "id": "41008",
        "date": "2022-03-09 20:00:00",
        "time": "20:00:00",
        "timezone": "GMT",
        "game": "League of Legends",
        "status": "cancelled",
        "opponent1": "Gentlemen's",
        "opponent2": "AGO ROGUE",
        "tournament": "Ultraliga",
        "format": "1",
        "bet1": "",
        "bet2": "",
        "result1": "",
        "result2": "",
        "streamer": "",
        "streamlink": ""
    },
    {
        "id": "41027",
        "date": "2022-03-09 20:00:00",
        "time": "20:00:00",
        "timezone": "GMT",
        "game": "League of Legends",
        "status": "not_started",
        "opponent1": "Vanir",
        "opponent2": "NYYRIKKI",
        "tournament": "Northern Championship",
        "format": "1",
        "bet1": "1.25",
        "bet2": "3.47",
        "result1": "",
        "result2": "",
        "streamer": "",
        "streamlink": ""
    },
    {
        "id": "41172",
        "date": "2022-03-09 20:00:00",
        "time": "20:00:00",
        "timezone": "GMT",
        "game": "League of Legends",
        "status": "ended",
        "opponent1": "Rare Atom Period",
        "opponent2": "Top Esports Chall",
        "tournament": "Development League",
        "format": "1",
        "bet1": "5",
        "bet2": "1.12",
        "result1": "",
        "result2": "",
        "streamer": "",
        "streamlink": ""
    },
    {
        "id": "41438",
        "date": "2022-03-09 20:00:00",
        "time": "20:00:00",
        "timezone": "GMT",
        "game": "Dota 2",
        "status": "not_started",
        "opponent1": "Wooky",
        "opponent2": "Entropy",
        "tournament": "ESL Meisterschaft",
        "format": "2",
        "bet1": "3.38",
        "bet2": "2.88",
        "result1": "",
        "result2": "",
        "streamer": "",
        "streamlink": ""
    },
    {
        "id": "41464",
        "date": "2022-03-09 20:00:00",
        "time": "20:00:00",
        "timezone": "GMT",
        "game": "Counter-Strike",
        "status": "cancelled",
        "opponent1": "NASR",
        "opponent2": "Dark Tigers",
        "tournament": "ESEA Advanced Division Europe",
        "format": "1",
        "bet1": "1.34",
        "bet2": "2.93",
        "result1": "",
        "result2": "",
        "streamer": "",
        "streamlink": ""
    },
    {
        "id": "41465",
        "date": "2022-03-09 20:00:00",
        "time": "20:00:00",
        "timezone": "GMT",
        "game": "Counter-Strike",
        "status": "not_started",
        "opponent1": "HellRaisers",
        "opponent2": "GMT",
        "tournament": "ESEA Advanced Division Europe",
        "format": "1",
        "bet1": "2.2",
        "bet2": "1.58",
        "result1": "",
        "result2": "",
        "streamer": "",
        "streamlink": ""
    },
    {
        "id": "41466",
        "date": "2022-03-09 20:00:00",
        "time": "20:00:00",
        "timezone": "GMT",
        "game": "Counter-Strike",
        "status": "not_started",
        "opponent1": "DNG",
        "opponent2": "Fnatic Rising",
        "tournament": "ESEA Advanced Division Europe",
        "format": "1",
        "bet1": "1.71",
        "bet2": "2",
        "result1": "",
        "result2": "",
        "streamer": "",
        "streamlink": ""
    },
    {
        "id": "40955",
        "date": "2022-03-09 20:00:00",
        "time": "20:00:00",
        "timezone": "GMT",
        "game": "Valorant",
        "status": "not_started",
        "opponent1": "EXCEL",
        "opponent2": "H20",
        "tournament": "VRL Northern EU: Polaris",
        "format": "3",
        "bet1": "1.01",
        "bet2": "9.04",
        "result1": "",
        "result2": "",
        "streamer": "",
        "streamlink": ""
    },
    {
        "id": "41010",
        "date": "2022-03-09 20:15:00",
        "time": "20:15:00",
        "timezone": "GMT",
        "game": "League of Legends",
        "status": "not_started",
        "opponent1": "INTZ Academy",
        "opponent2": "LOUD Academy",
        "tournament": "Campeonato Brasileiro Academy",
        "format": "1",
        "bet1": "3.44",
        "bet2": "1.25",
        "result1": "",
        "result2": "",
        "streamer": "CBLOL",
        "streamlink": "https://www.twitch.tv/cblol"
    },
    {
        "id": "41011",
        "date": "2022-03-09 20:15:00",
        "time": "20:15:00",
        "timezone": "GMT",
        "game": "League of Legends",
        "status": "not_started",
        "opponent1": "Karmine Corp",
        "opponent2": "Vitality.Bee",
        "tournament": "La Ligue Francaise",
        "format": "1",
        "bet1": "1.49",
        "bet2": "2.39",
        "result1": "",
        "result2": "",
        "streamer": "",
        "streamlink": ""
    },
    {
        "id": "41120",
        "date": "2022-03-09 20:15:00",
        "time": "20:15:00",
        "timezone": "GMT",
        "game": "League of Legends",
        "status": "not_started",
        "opponent1": "Komil and Friends",
        "opponent2": "devils.one",
        "tournament": "Ultraliga",
        "format": "1",
        "bet1": "1.32",
        "bet2": "3.23",
        "result1": "",
        "result2": "",
        "streamer": "polsatgames",
        "streamlink": "https://www.twitch.tv/polsatgames"
    },
    {
        "id": "41009",
        "date": "2022-03-09 21:00:00",
        "time": "21:00:00",
        "timezone": "GMT",
        "game": "League of Legends",
        "status": "not_started",
        "opponent1": "Astralis Talent",
        "opponent2": "X7",
        "tournament": "Northern Championship",
        "format": "1",
        "bet1": "4.18",
        "bet2": "1.17",
        "result1": "",
        "result2": "",
        "streamer": "",
        "streamlink": ""
    },
    {
        "id": "41300",
        "date": "2022-03-09 21:00:00",
        "time": "21:00:00",
        "timezone": "GMT",
        "game": "Dota 2",
        "status": "not_started",
        "opponent1": "SG esports",
        "opponent2": "Hokori",
        "tournament": "Claro Gaming Apu League",
        "format": "3",
        "bet1": "1.59",
        "bet2": "2.08",
        "result1": "",
        "result2": "",
        "streamer": "",
        "streamlink": ""
    },
    {
        "id": "41121",
        "date": "2022-03-09 21:00:00",
        "time": "21:00:00",
        "timezone": "GMT",
        "game": "League of Legends",
        "status": "not_started",
        "opponent1": "Immortals Academy",
        "opponent2": "Cloud9 Academy",
        "tournament": "NA Academy League",
        "format": "2",
        "bet1": "5.73",
        "bet2": "2.02",
        "result1": "",
        "result2": "",
        "streamer": "",
        "streamlink": ""
    },
    {
        "id": "41122",
        "date": "2022-03-09 21:00:00",
        "time": "21:00:00",
        "timezone": "GMT",
        "game": "League of Legends",
        "status": "not_started",
        "opponent1": "FlyQuest Academy",
        "opponent2": "CLG Academy",
        "tournament": "NA Academy League",
        "format": "2",
        "bet1": "8.98",
        "bet2": "1.66",
        "result1": "",
        "result2": "",
        "streamer": "",
        "streamlink": ""
    },
    {
        "id": "41000",
        "date": "2022-03-09 21:15:00",
        "time": "21:15:00",
        "timezone": "GMT",
        "game": "League of Legends",
        "status": "not_started",
        "opponent1": "Mirage Elyandra",
        "opponent2": "GamersOrigin",
        "tournament": "La Ligue Francaise",
        "format": "1",
        "bet1": "2.66",
        "bet2": "1.41",
        "result1": "",
        "result2": "",
        "streamer": "",
        "streamlink": ""
    },
    {
        "id": "41028",
        "date": "2022-03-09 21:15:00",
        "time": "21:15:00",
        "timezone": "GMT",
        "game": "League of Legends",
        "status": "not_started",
        "opponent1": "paiN Academy",
        "opponent2": "Flamengo Academy",
        "tournament": "Campeonato Brasileiro Academy",
        "format": "1",
        "bet1": "1.54",
        "bet2": "2.29",
        "result1": "",
        "result2": "",
        "streamer": "CBLOL",
        "streamlink": "https://www.twitch.tv/cblol"
    },
    {
        "id": "41030",
        "date": "2022-03-09 22:15:00",
        "time": "22:15:00",
        "timezone": "GMT",
        "game": "League of Legends",
        "status": "not_started",
        "opponent1": "RED Academy",
        "opponent2": "Netshoes Miners Academy",
        "tournament": "Campeonato Brasileiro Academy",
        "format": "1",
        "bet1": "2.19",
        "bet2": "1.59",
        "result1": "",
        "result2": "",
        "streamer": "CBLOL",
        "streamlink": "https://www.twitch.tv/cblol"
    },
    {
        "id": "41123",
        "date": "2022-03-09 23:00:00",
        "time": "23:00:00",
        "timezone": "GMT",
        "game": "League of Legends",
        "status": "not_started",
        "opponent1": "Golden Guardians Academy",
        "opponent2": "100 Thieves Academy",
        "tournament": "NA Academy League",
        "format": "2",
        "bet1": "2.13",
        "bet2": "5.48",
        "result1": "",
        "result2": "",
        "streamer": "",
        "streamlink": ""
    },
    {
        "id": "41124",
        "date": "2022-03-09 23:00:00",
        "time": "23:00:00",
        "timezone": "GMT",
        "game": "League of Legends",
        "status": "not_started",
        "opponent1": "TSM Academy",
        "opponent2": "Dignitas Academy",
        "tournament": "NA Academy League",
        "format": "2",
        "bet1": "4.78",
        "bet2": "2.33",
        "result1": "",
        "result2": "",
        "streamer": "",
        "streamlink": ""
    },
    {
        "id": "41031",
        "date": "2022-03-09 23:15:00",
        "time": "23:15:00",
        "timezone": "GMT",
        "game": "League of Legends",
        "status": "not_started",
        "opponent1": "Liberty Academy",
        "opponent2": "KaBuM! Academy",
        "tournament": "Campeonato Brasileiro Academy",
        "format": "1",
        "bet1": "1.25",
        "bet2": "3.43",
        "result1": "",
        "result2": "",
        "streamer": "CBLOL",
        "streamlink": "https://www.twitch.tv/cblol"
    }
]
